param_value,repeat,random_seed,train_accuracy,train_balanced_accuracy,train_precision,train_recall,train_f1,test_accuracy,test_balanced_accuracy,test_precision,test_recall,test_f1
50,2.0,43.0,0.9011666666666667,0.5064502704952143,1.0,0.01290054099042863,0.025461825461825464,0.9,0.5,0.0,0.0,0.0
100,2.0,43.0,0.90075,0.5043695380774033,1.0,0.008739076154806492,0.01732470807977954,0.9,0.5,0.0,0.0,0.0
200,2.0,43.0,0.9006250000000001,0.5037453183520599,1.0,0.00749063670411985,0.01486988847583643,0.9,0.5,0.0,0.0,0.0
300,2.0,43.0,0.9006249999999999,0.5037453183520599,1.0,0.00749063670411985,0.014863799623957523,0.9,0.5,0.0,0.0,0.0
